team_id,possession_frames,possession_pct,possession_time_s,passes,turnovers
0,541,58.047210238146775,18.833333333333332,5,10
1,391,41.95278965455709,13.633333333333333,1,11
