team_id,possession_frames,possession_pct,possession_time_s,passes,turnovers
0,112,16.592592568010975,5.32,0,2
1,563,83.40740728384087,29.560000000000002,6,3
